2012 rank,City,State,2012 estimate,2010 Census,Change,2010 land area,2010 population density,Location
1,New York,New York,"83,36,697","81,75,133",1.98%,302.643 sq mi,"27,012 per sq mi",40.6643°N 73.9385°W
,,,,,,783.842 km2,"10,430 km-2",
2,Los Angeles,California,"38,57,799","37,92,621",1.72%,468.670 sq mi,"8,092 per sq mi",34.0194°N 118.4108°W
,,,,,,"1,213.850 km2","3,124 km-2",
3,Chicago,Illinois,"27,14,856","26,95,598",0.71%,227.635 sq mi,"11,842 per sq mi",41.8376°N 87.6818°W
,,,,,,589.571 km2,"4,572 km-2",
4,Houston,Texas,"21,60,821","21,00,263",2.88%,599.589 sq mi,"3,501 per sq mi",29.7805°N 95.3863°W
,,,,,,"1,552.929 km2","1,352 km-2",
5,Philadelphia,Pennsylvania,"15,47,607","15,26,006",1.42%,134.101 sq mi,"11,379 per sq mi",40.0094°N 75.1333°W
,,,,,,347.321 km2,"4,394 km-2",
6,Phoenix,Arizona,"14,88,750","14,45,632",2.98%,516.704 sq mi,"2,798 per sq mi",33.5722°N 112.0880°W
,,,,,,"1,338.256 km2","1,080 km-2",
7,San Antonio,Texas,"13,82,951","13,27,407",4.18%,460.933 sq mi,"2,880 per sq mi",29.4724°N 98.5251°W
,,,,,,"1,193.812 km2","1,112 km-2",
8,San Diego,California,"13,38,348","13,07,402",2.37%,325.188 sq mi,"4,020 per sq mi",32.8153°N 117.1350°W
,,,,,,842.233 km2,"1,552 km-2",
9,Dallas,Texas,"12,41,162","11,97,816",3.62%,340.519 sq mi,"3,518 per sq mi",32.7757°N 96.7967°W
,,,,,,881.939 km2,"1,358 km-2",
10,San Jose,California,"9,82,765","9,45,942",3.89%,176.526 sq mi,"5,359 per sq mi",37.2969°N 121.8193°W
,,,,,,457.201 km2,"2,069 km-2",
11,Austin,Texas,"8,42,592","7,90,390",6.60%,297.896 sq mi,"2,653 per sq mi",30.3072°N 97.7560°W
,,,,,,771.547 km2,"1,024 km-2",
12,Jacksonville,Florida,"8,36,507","8,21,784",1.79%,747.003 sq mi,"1,100 per sq mi",30.3370°N 81.6613°W
,,,,,,"1,934.729 km2",425 km-2,
13,Indianapolis,Indiana,"8,34,852","8,20,445",1.76%,361.433 sq mi,"2,270 per sq mi",39.7767°N 86.1459°W
,,,,,,936.108 km2,876 km-2,
14,San Francisco,California,"8,25,863","8,05,235",2.56%,46.873 sq mi,"17,179 per sq mi",37.7751°N 122.4193°W
,,,,,,121.400 km2,"6,633 km-2",
15,Columbus,Ohio,"8,09,798","7,87,033",2.89%,217.169 sq mi,"3,624 per sq mi",39.9848°N 82.9850°W
,,,,,,562.466 km2,"1,399 km-2",
16,Fort Worth,Texas,"7,77,992","7,41,206",4.96%,339.819 sq mi,"2,181 per sq mi",32.7795°N 97.3463°W
,,,,,,880.128 km2,842 km-2,
17,Charlotte,North Carolina,"7,75,202","7,31,424",5.99%,297.678 sq mi,"2,457 per sq mi",35.2087°N 80.8307°W
,,,,,,770.984 km2,949 km-2,
18,Detroit,Michigan,"7,01,475","7,13,777",?1.72%,138.750 sq mi,"5,144 per sq mi",42.3830°N 83.1022°W
,,,,,,359.362 km2,"1,986 km-2",
19,El Paso,Texas,"6,72,538","6,49,121",3.61%,255.235 sq mi,"2,543 per sq mi",31.8484°N 106.4270°W
,,,,,,661.057 km2,982 km-2,
20,Memphis,Tennessee,"6,55,155","6,46,889",1.28%,315.055 sq mi,"2,053 per sq mi",35.1035°N 89.9785°W
,,,,,,815.988 km2,793 km-2,
21,Boston,Massachusetts,"6,36,479","6,17,594",3.06%,48.277 sq mi,"12,793 per sq mi",42.3320°N 71.0202°W
,,,,,,125.037 km2,"4,939 km-2",
22,Boston,Washington,"6,34,535","6,08,660",4.25%,83.943 sq mi,"7,251 per sq mi",47.6205°N 122.3509°W
,,,,,,217.410 km2,"2,800 km-2",
23,Denver,Colorado,"6,34,265","6,00,158",5.68%,153.000 sq mi,"3,923 per sq mi",39.7618°N 104.8806°W
,,,,,,396.269 km2,"1,515 km-2",
24,Washington,District of Columbia,"6,32,323","6,01,723",5.09%,61.048 sq mi,"9,856 per sq mi",38.9041°N 77.0171°W
,,,,,,158.115 km2,"3,806 km-2",
25,Nashville,Tennessee,"6,24,496","6,01,222",3.87%,475.126 sq mi,"1,265 per sq mi",36.1718°N 86.7850°W
,,,,,,"1,230.570 km2",489 km-2,
26,Baltimore,Maryland,"6,21,342","6,20,961",0.06%,80.944 sq mi,"7,672 per sq mi",39.3002°N 76.6105°W
,,,,,,209.643 km2,"2,962 km-2",
27,Louisville,Kentucky,"6,05,110","5,97,337",1.30%,325.248 sq mi,"1,837 per sq mi",38.1781°N 85.6667°W
,,,,,,842.389 km2,709 km-2,
28,Portland,Oregon,"6,03,106","5,83,776",3.31%,133.427 sq mi,"4,375 per sq mi",45.5370°N 122.6500°W
,,,,,,345.573 km2,"1,689 km-2",
29,Oklahoma,Oklahoma,"5,99,199","5,79,999",3.31%,606.410 sq mi,956 per sq mi,35.4671°N 97.5137°W
,,,,,,"1,570.596 km2",369 km-2,
30,Milwaukee,Wisconsin,"5,98,916","5,94,833",0.69%,96.122 sq mi,"6,188 per sq mi",43.0633°N 87.9667°W
,,,,,,248.955 km2,"2,389 km-2",
31,Las Vagas,Nevada,"5,96,424","5,83,756",2.17%,135.815 sq mi,"4,298 per sq mi",36.2277°N 115.2640°W
,,,,,,351.759 km2,"1,660 km-2",
32,Albuquerque,New Mexico,"5,55,417","5,45,852",1.75%,187.730 sq mi,"2,908 per sq mi",35.1056°N 106.6474°W
,,,,,,486.218 km2,"1,123 km-2",
33,Tucson,Arizona,"5,24,295","5,20,116",0.80%,226.709 sq mi,"2,294 per sq mi",32.1543°N 110.8711°W
,,,,,,587.173 km2,886 km-2,
34,Fresno,California,"5,05,882","4,94,665",2.27%,111.957 sq mi,"4,418 per sq mi",36.7827°N 119.7945°W
,,,,,,289.967 km2,"1,706 km-2",
35,Sacramento,California,"4,75,516","4,66,488",1.94%,97.915 sq mi,"4,764 per sq mi",38.5666°N 121.4686°W
,,,,,,253.600 km2,"1,839 km-2",
36,Long Beach,California,"4,67,892","4,62,257",1.22%,50.293 sq mi,"9,191 per sq mi",33.8091°N 118.1553°W
,,,,,,130.259 km2,"3,549 km-2",
37,Kansas City,Missouri,"4,64,310","4,59,787",0.98%,314.950 sq mi,"1,460 per sq mi",39.1252°N 94.5511°W
,,,,,,815.717 km2,564 km-2,
38,Mesa,Arizona,"4,52,084","4,39,041",2.97%,136.452 sq mi,"3,218 per sq mi",33.4019°N 111.7174°W
,,,,,,353.410 km2,"1,242 km-2",
39,Virginia Beach,Virginia,"4,47,021","4,37,994",2.06%,249.016 sq mi,"1,759 per sq mi",36.7793°N 76.0240°W
,,,,,,644.949 km2,679 km-2,
40,Atlanta,Georgia,"4,43,775","4,20,003",5.66%,133.152 sq mi,"3,154 per sq mi",33.7629°N 84.4227°W
,,,,,,344.861 km2,"1,218 km-2",
41,Colorado Springs,Colorado,"4,31,834","4,16,427",3.70%,194.540 sq mi,"2,141 per sq mi",38.8673°N 104.7607°W
,,,,,,503.858 km2,826 km-2,
42,Raleigh,North Carolina,"4,23,179","4,03,892",4.78%,142.903 sq mi,"2,826 per sq mi",35.8302°N 78.6414°W
,,,,,,370.117 km2,"1,091 km-2",
43,Omaha,Nebraska,"4,21,570","4,08,958",3.08%,127.088 sq mi,"3,218 per sq mi",41.2647°N 96.0419°W
,,,,,,329.157 km2,"1,242 km-2",
44,Miami,Florida,"4,13,892","3,99,457",3.61%,35.871 sq mi,"11,136 per sq mi",25.7752°N 80.2086°W
,,,,,,92.906 km2,"4,300 km-2",
45,Oakland,California,"4,00,740","3,90,724",2.56%,55.786 sq mi,"7,004 per sq mi",37.7699°N 122.2256°W
,,,,,,144.485 km2,"2,704 km-2",
46,Tulsa,Oklahoma,"3,93,987","3,91,906",0.53%,196.754 sq mi,"1,992 per sq mi",36.1279°N 95.9023°W
,,,,,,509.590 km2,769 km-2,
47,Omaha,Minnesota,"3,92,880","3,82,578",2.69%,53.973 sq mi,"7,088 per sq mi",44.9633°N 93.2683°W
,,,,,,139.789 km2,"2,737 km-2",
48,Cleveland,Ohio,"3,90,928","3,96,815",?1.48%,77.697 sq mi,"5,107 per sq mi",41.4781°N 81.6795°W
,,,,,,201.234 km2,"1,972 km-2",
49,Omaha,Kansas,"3,85,577","3,82,368",0.84%,159.295 sq mi,"2,400 per sq mi",37.6907°N 97.3427°W
,,,,,,412.571 km2,927 km-2,
50,Arlington,Texas,"3,75,600","3,65,438",2.78%,95.882 sq mi,"3,811 per sq mi",32.7007°N 97.1247°W
,,,,,,248.332 km2,"1,472 km-2",
51,Omaha,Louisiana,"3,69,250","3,43,829",7.39%,169.423 sq mi,"2,029 per sq mi",30.0686°N 89.9390°W
,,,,,,438.803 km2,784 km-2,
52,Bakersfield,California,"3,58,597","3,47,483",3.20%,142.164 sq mi,"2,444 per sq mi",35.3212°N 119.0183°W
,,,,,,368.204 km2,944 km-2,
53,Tampa,Florida,"3,47,645","3,35,709",3.56%,113.409 sq mi,"2,960 per sq mi",27.9701°N 82.4797°W
,,,,,,293.728 km2,"1,143 km-2",
54,Honolulu,Hawai'i,"3,45,610","3,37,256",2.48%,60.521 sq mi,"5,573 per sq mi",21.3259°N 157.8453°W
,,,,,,156.748 km2,"2,152 km-2",
55,Anaheim,California,"3,43,248","3,36,265",2.08%,49.835 sq mi,"6,748 per sq mi",33.8555°N 117.7601°W
,,,,,,129.073 km2,"2,605 km-2",
56,Aurora,Colorado,"3,39,030","3,25,078",4.29%,154.100 sq mi,"2,110 per sq mi",32.7007°N 97.1247°W
,,,,,,369.100 km2,881 km-2,
57,Santa Ana,California,"3,30,920","3,24,528",1.97%,27.270 sq mi,"11,901 per sq mi",33.7365°N 117.8826°W
,,,,,,70.628 km2,"4,595 km-2",
58,St. Louis,Missouri,"3,18,172","3,19,294",?0.35%,61.909 sq mi,"5,157 per sq mi",38.6357°N 90.2446°W
,,,,,,160.343 km2,"1,991 km-2",
59,Riverside,California,"3,13,673","3,03,871",3.23%,81.140 sq mi,"3,745 per sq mi",33.9381°N 117.3932°W
,,,,,,210.152 km2,"1,446 km-2",
60,Corpus Christi,Texas,"3,12,195","3,05,215",2.29%,160.612 sq mi,"1,900 per sq mi",27.7543°N 97.1734°W
,,,,,,415.982 km2,734 km-2,
61,Pittsburgh,Pennsylvania,"3,06,211","3,05,704",0.17%,55.367 sq mi,"5,521 per sq mi",40.4398°N 79.9766°W
,,,,,,143.400 km2,"2,132 km-2",
62,Lexington,Kentucky,"3,10,573","2,95,803",4.99%,283.649 sq mi,"1,043 per sq mi",38.0402°N 84.4584°W
,,,,,,734.649 km2,403 km-2,
63,Anchorage,Alaska,"2,98,610","2,91,826",2.32%,"1,704.683 sq mi",171 per sq mi,61.1775°N 149.2744°W
,,,,,,"4,415.109 km2",66 km-2,
64,Stockton,California,"2,97,984","2,91,707",2.15%,61.670 sq mi,"4,730 per sq mi",37.9763°N 121.3133°W
,,,,,,159.723 km2,"1,826 km-2",
65,Cincinnati,Ohio,"2,96,550","2,96,943",?0.13%,77.942 sq mi,"3,810 per sq mi",39.1399°N 84.5064°W
,,,,,,201.870 km2,"1,471 km-2",
66,Saint Paul,Minnesota,"2,90,770","2,85,068",2.00%,51.979 sq mi,"5,484 per sq mi",44.9489°N 93.1039°W
,,,,,,134.624 km2,"2,118 km-2",
67,Toledo,Ohio,"2,84,012","2,87,208",?1.11%,80.692 sq mi,"3,559 per sq mi",41.6641°N 83.5819°W
,,,,,,208.991 km2,"1,374 km-2",
68,Newark,New Jersey,"2,77,727","2,77,140",0.21%,24.187 sq mi,"11,458 per sq mi",40.7242°N 74.1726°W
,,,,,,62.644 km2,"4,424 km-2",
69,Greensboro,North Carolina,"2,77,080","2,69,666",2.75%,126.515 sq mi,"2,131 per sq mi",36.0965°N 79.8271°W
,,,,,,327.673 km2,823 km-2,
70,Plano,Texas,"2,72,068","2,59,841",4.71%,71.581 sq mi,"3,630 per sq mi",33.0508°N 96.7479°W
,,,,,,185.395 km2,"1,402 km-2",
71,Henderson,Nevada,"2,65,679","2,57,729",3.08%,107.732 sq mi,"2,392 per sq mi",36.0122°N 115.0375°W
,,,,,,279.024 km2,924 km-2,
72,Lincoln,Nebraska,"2,65,404","2,58,379",2.72%,89.114 sq mi,"2,899 per sq mi",40.8090°N 96.6804°W
,,,,,,230.804 km2,"1,119 km-2",
73,Buffalo,New York,"2,59,384","2,61,310",?0.74%,40.384 sq mi,"6,471 per sq mi",42.8925°N 78.8597°W
,,,,,,104.594 km2,"2,498 km-2",
74,Fort Wayne,Indiana,"2,54,555","2,53,691",0.34%,110.618 sq mi,"2,293 per sq mi",41.0882°N 85.1439°W
,,,,,,286.500 km2,885 km-2,
75,Jersey City,New Jersey,"2,54,441","2,47,597",2.76%,14.794 sq mi,"16,737 per sq mi",40.7114°N 74.0648°W
,,,,,,38.316 km2,"6,462 km-2",
76,Chula Vista,California,"2,52,422","2,43,916",3.49%,49.631 sq mi,"4,915 per sq mi",32.6277°N 117.0152°W
,,,,,,128.545 km2,"1,898 km-2",
77,Orlando,Florida,"2,49,562","2,38,300",4.73%,102.395 sq mi,"2,327 per sq mi",28.4159°N 81.2988°W
,,,,,,265.203 km2,899 km-2,
78,St. Petersburg,Florida,"2,46,541","2,44,769",0.72%,61.742 sq mi,"3,964 per sq mi",27.7620°N 82.6441°W
,,,,,,159.910 km2,"1,531 km-2",
79,Norfolk,Virginia,"2,45,782","2,42,803",1.23%,54.120 sq mi,"4,486 per sq mi",36.9230°N 76.2446°W
,,,,,,140.171 km2,"1,732 km-2",
80,Chandler,Arizona,"2,45,628","2,36,123",4.03%,64.413 sq mi,"3,666 per sq mi",33.2829°N 111.8549°W
,,,,,,166.828 km2,"1,415 km-2",
81,Laredo,Texas,"2,44,731","2,36,091",3.66%,88.908 sq mi,"2,655 per sq mi",27.5477°N 99.4869°W
,,,,,,230.271 km2,"1,025 km-2",
82,Madison,Wisconsin,"2,40,323","2,33,209",3.05%,76.789 sq mi,"3,037 per sq mi",43.0878°N 89.4301°W
,,,,,,198.882 km2,"1,173 km-2",
83,Durham,North Carolina,"2,39,358","2,28,330",4.83%,107.370 sq mi,"2,127 per sq mi",35.9810°N 78.9056°W
,,,,,,278.088 km2,821 km-2,
84,Lubbock,Texas,"2,36,065","2,29,573",2.83%,122.410 sq mi,"1,875 per sq mi",33.5665°N 101.8867°W
,,,,,,317.041 km2,724 km-2,
85,Winston–Salem,North Carolina,"2,34,349","2,29,617",2.06%,132.449 sq mi,"1,734 per sq mi",36.1033°N 80.2606°W
,,,,,,343.041 km2,669 km-2,
86,Garland,Texas,"2,33,564","2,26,876",2.95%,57.085 sq mi,"3,974 per sq mi",32.9098°N 96.6304°W
,,,,,,147.849 km2,"1,535 km-2",
87,Glendale,Arizona,"2,32,143","2,26,721",2.39%,59.976 sq mi,"3,780 per sq mi",33.5331°N 112.1899°W
,,,,,,155.337 km2,"1,460 km-2",
88,Hialeah,Florida,"2,31,941","2,24,669",3.24%,21.450 sq mi,"10,474 per sq mi",25.8699°N 80.3029°W
,,,,,,55.555 km2,"4,044 km-2",
89,Reno,Nevada,"2,31,027","2,25,221",2.58%,103.009 sq mi,"2,186 per sq mi",39.4745°N 119.7765°W
,,,,,,266.793 km2,844 km-2,
90,Baton Rouge,Louisiana,"2,30,058","2,29,493",0.25%,76.947 sq mi,"2,982 per sq mi",30.4485°N 91.1259°W
,,,,,,199.292 km2,"1,152 km-2",
91,Irvine,California,"2,29,985","2,12,375",8.29%,66.106 sq mi,"3,213 per sq mi",33.6784°N 117.7713°W
,,,,,,171.214 km2,"1,240 km-2",
92,Chesapeake,Virginia,"2,28,417","2,22,209",2.79%,340.800 sq mi,652 per sq mi,36.6794°N 76.3018°W
,,,,,,882.669 km2,252 km-2,
93,Irving,Texas,"2,25,427","2,16,290",4.22%,67.017 sq mi,"3,227 per sq mi",32.8577°N 96.9700°W
,,,,,,173.574 km2,"1,246 km-2",
94,Scottsdale,Arizona,"2,23,514","2,17,385",2.82%,183.920 sq mi,"1,182 per sq mi",33.6687°N 111.8237°W
,,,,,,476.350 km2,456 km-2,
95,North Las Vegas,Nevada,"2,23,491","2,16,961",3.01%,101.345 sq mi,"2,141 per sq mi",36.2830°N 115.0893°W
,,,,,,262.483 km2,827 km-2,
96,Fremont,California,"2,21,986","2,14,089",3.69%,77.459 sq mi,"2,764 per sq mi",37.4944°N 121.9411°W
,,,,,,200.618 km2,"1,067 km-2",
97,Gilbert,Arizona,"2,21,140","2,08,453",6.09%,67.963 sq mi,"3,067 per sq mi",33.3102°N 111.7422°W
,,,,,,176.023 km2,"1,184 km-2",
98,San Bernardino,California,"2,13,295","2,09,924",1.61%,59.201 sq mi,"3,546 per sq mi",34.1393°N 117.2953°W
,,,,,,153.330 km2,"1,369 km-2",
99,Boise[,Idaho,"2,12,303","2,05,671",3.22%,79.364 sq mi,"2,592 per sq mi",43.5985°N 116.2311°W
,,,,,,205.551 km2,"1,001 km-2",
100,Birmingham,Alabama,"2,12,038","2,12,237",?0.09%,146.067 sq mi,"1,453 per sq mi",33.5274°N 86.7990°W
,,,,,,378.311 km2,561 km-2,
101,Rochester,New York,"2,10,532","2,10,565",?0.02%,35.781 sq mi,"5,885 per sq mi",43.1699°N 77.6169°W
,,,,,,92.672 km2,"2,272 km-2",
102,Richmond,Virginia,"2,10,309","2,04,214",2.98%,59.805 sq mi,"3,415 per sq mi",37.5314°N 77.4760°W
,,,,,,154.895 km2,"1,318 km-2",
103,Spokane,Washington,"2,09,525","2,08,916",0.29%,59.247 sq mi,"3,526 per sq mi",47.6736°N 117.4166°W
,,,,,,153.448 km2,"1,361 km-2",
104,Des Moines,Iowa,"2,06,688","2,03,433",1.60%,80.869 sq mi,"2,516 per sq mi",41.5739°N 93.6167°W
,,,,,,209.451 km2,971 km-2,
105,Montgomery,Alabama,"2,05,293","2,05,764",?0.23%,159.565 sq mi,"1,290 per sq mi",32.3463°N 86.2686°W
,,,,,,413.272 km2,498 km-2,
106,Modesto,California,"2,03,547","2,01,165",1.18%,36.867 sq mi,"5,456 per sq mi",37.6609°N 120.9891°W
,,,,,,95.486 km2,"2,107 km-2",
107,Fayetteville,North Carolina,"2,02,103","2,00,564",0.77%,145.845 sq mi,"1,375 per sq mi",35.0851°N 78.9803°W
,,,,,,377.736 km2,531 km-2,
108,Tacoma,Washington,"2,02,010","1,98,397",1.82%,49.721 sq mi,"3,990 per sq mi",47.2522°N 122.4598°W
,,,,,,128.777 km2,"1,541 km-2",
109,Shreveport,Louisiana,"2,01,867","1,99,311",1.28%,105.375 sq mi,"1,891 per sq mi",32.4670°N 93.7927°W
,,,,,,272.920 km2,730 km-2,
110,Fontana,California,"2,01,812","1,96,069",2.93%,42.432 sq mi,"4,621 per sq mi",34.1088°N 117.4627°W
,,,,,,109.899 km2,"1,784 km-2",
111,Oxnard,California,"2,01,555","1,97,899",1.85%,26.894 sq mi,"7,358 per sq mi",34.2023°N 119.2046°W
,,,,,,69.656 km2,"2,841 km-2",
112,Aurora,Illinois,"1,99,932","1,97,899",1.03%,44.936 sq mi,"4,404 per sq mi",41.7635°N 88.2901°W
,,,,,,116.384 km2,"1,700 km-2",
113,Moreno Valley,California,"1,99,552","1,93,365",3.20%,51.275 sq mi,"3,771 per sq mi",33.9233°N 117.2057°W
,,,,,,132.800 km2,"1,456 km-2",
114,Akron,Ohio,"1,98,549","1,99,110",?0.28%,62.033 sq mi,"3,210 per sq mi",41.0805°N 81.5214°W
,,,,,,160.664 km2,"1,239 km-2",
115,Yonkers,New York,"1,98,449","1,95,976",1.26%,18.012 sq mi,"10,880 per sq mi",40.9459°N 73.8674°W
,,,,,,46.651 km2,"4,201 km-2",
116,Columbus,Georgia,"1,98,413","1,89,885",4.49%,216.385 sq mi,878 per sq mi,32.5102°N 84.8749°W
,,,,,,560.435 km2,339 km-2,
117,Augusta,Georgia,"1,97,872","1,95,844",1.04%,302.474 sq mi,647 per sq mi,33.3655°N 82.0734°W
,,,,,,783.404 km2,250 km-2,
118,Little Rock,Arkansas,"1,96,537","1,93,524",1.56%,119.200 sq mi,"1,624 per sq mi",34.7254°N 92.3586°W
,,,,,,308.726 km2,627 km-2,
119,Amarillo,Texas,"1,95,250","1,90,695",2.39%,99.476 sq mi,"1,917 per sq mi",35.1978°N 101.8287°W
,,,,,,257.641 km2,740 km-2,
120,Mobile,Alabama,"1,94,822","1,95,111",?0.15%,139.109 sq mi,"1,403 per sq mi",30.6684°N 88.1002°W
,,,,,,360.290 km2,542 km-2,
121,Huntington Beach,California,"1,94,708","1,89,992",2.48%,26.748 sq mi,"7,103 per sq mi",33.6906°N 118.0093°W
,,,,,,69.278 km2,"2,742 km-2",
122,Glendale,California,"1,94,478","1,91,719",1.44%,30.453 sq mi,"6,295 per sq mi",34.1814°N 118.2458°W
,,,,,,78.874 km2,"2,431 km-2",
123,Grand Rapids,Michigan,"1,90,411","1,88,040",1.26%,44.395 sq mi,"4,236 per sq mi",42.9612°N 85.6556°W
,,,,,,114.984 km2,"1,635 km-2",
124,Salt Lake City,Utah,"1,89,314","1,86,440",1.54%,111.110 sq mi,"1,678 per sq mi",40.7785°N 111.9314°W
,,,,,,287.773 km2,648 km-2,
125,Tallahassee,Florida,"1,86,971","1,81,376",3.08%,100.247 sq mi,"1,809 per sq mi",30.4551°N 84.2534°W
,,,,,,259.638 km2,699 km-2,
126,Huntsville,Alabama,"1,83,739","1,80,105",2.02%,209.054 sq mi,862 per sq mi,34.7843°N 86.5390°W
,,,,,,541.447 km2,333 km-2,
127,Worcester,Massachusetts,"1,82,669","1,81,045",0.90%,37.371 sq mi,"4,845 per sq mi",42.2695°N 71.8078°W
,,,,,,96.790 km2,"1,870 km-2",
128,Knoxville,Tennessee,"1,82,200","1,78,874",1.86%,98.521 sq mi,"1,816 per sq mi",35.9709°N 83.9465°W
,,,,,,255.167 km2,701 km-2,
129,Grand Prairie,Texas,"1,81,824","1,75,396",3.66%,72.105 sq mi,"2,433 per sq mi",32.6842°N 97.0210°W
,,,,,,186.750 km2,939 km-2,
130,Newport News,Virginia,"1,80,726","1,80,719",0.00%,68.714 sq mi,"2,630 per sq mi",37.0760°N 76.5217°W
,,,,,,177.968 km2,"1,015 km-2",
131,Brownsville,Texas,"1,80,097","1,75,023",2.90%,132.330 sq mi,"1,323 per sq mi",26.0183°N 97.4538°W
,,,,,,342.734 km2,511 km-2,
132,Santa Clarita,California,"1,79,013","1,76,320",1.53%,52.716 sq mi,"3,345 per sq mi",34.4049°N 118.5047°W
,,,,,,136.535 km2,"1,291 km-2",
133,Overland Park,Kansas,"1,78,919","1,73,372",3.20%,74.841 sq mi,"2,317 per sq mi",38.8890°N 94.6906°W
,,,,,,193.839 km2,894 km-2,
134,Providence,Rhode Island,"1,78,432","1,78,042",0.22%,18.400 sq mi,"9,676 per sq mi",41.8231°N 71.4188°W
,,,,,,47.656 km2,"3,736 km-2",
135,Jackson,Mississippi,"1,75,437","1,73,514",1.11%,111.046 sq mi,"1,563 per sq mi",32.3158°N 90.2128°W
,,,,,,287.608 km2,603 km-2,
136,Garden Grove,California,"1,74,389","1,70,883",2.05%,17.941 sq mi,"9,525 per sq mi",33.7788°N 117.9605°W
,,,,,,46.467 km2,"3,677 km-2",
137,Oceanside,California,"1,71,293","1,67,086",2.52%,41.235 sq mi,"4,052 per sq mi",33.2246°N 117.3062°W
,,,,,,106.798 km2,"1,565 km-2",
138,Chattanooga,Tennessee,"1,71,279","1,67,674",2.15%,137.152 sq mi,"1,223 per sq mi",35.0665°N 85.2471°W
,,,,,,355.222 km2,472 km-2,
139,Fort Lauderdale,Florida,"1,70,747","1,65,521",3.16%,34.765 sq mi,"4,761 per sq mi",26.1413°N 80.1439°W
,,,,,,90.042 km2,"1,838 km-2",
140,Rancho Cucamonga,California,"1,70,746","1,65,269",3.31%,39.851 sq mi,"4,147 per sq mi",34.1233°N 117.5642°W
,,,,,,103.212 km2,"1,601 km-2",
141,Santa Rosa,California,"1,70,685","1,67,815",1.71%,41.294 sq mi,"4,064 per sq mi",38.4468°N 122.7061°W
,,,,,,106.950 km2,"1,569 km-2",
142,Port St. Lucie,Florida,"1,68,716","1,64,603",2.50%,113.953 sq mi,"1,444 per sq mi",27.2810°N 80.3838°W
,,,,,,295.136 km2,558 km-2,
143,Ontario,California,"1,67,211","1,63,924",2.01%,49.941 sq mi,"3,282 per sq mi",34.0395°N 117.6088°W
,,,,,,129.345 km2,"1,267 km-2",
144,Tempe,Arizona,"1,66,842","1,61,719",3.17%,39.929 sq mi,"4,050 per sq mi",33.3884°N 111.9318°W
,,,,,,103.416 km2,"1,564 km-2",
145,Vancouver,Washington,"1,65,489","1,61,791",2.29%,46.456 sq mi,"3,483 per sq mi",45.6372°N 122.5965°W
,,,,,,120.322 km2,"1,345 km-2",
146,Springfield,Missouri,"1,62,191","1,59,498",1.69%,81.720 sq mi,"1,952 per sq mi",37.1942°N 93.2913°W
,,,,,,211.654 km2,754 km-2,
147,Cape Coral,Florida,"1,61,248","1,54,305",4.50%,105.673 sq mi,"1,460 per sq mi",26.6431°N 81.9973°W
,,,,,,273.691 km2,564 km-2,
148,Pembroke Pines,Florida,"1,60,306","1,54,019",4.08%,33.124 sq mi,"4,672 per sq mi",26.0212°N 80.3404°W
,,,,,,85.790 km2,"1,804 km-2",
149,Sioux Falls,South Dakota,"1,59,908","1,53,888",3.91%,72.964 sq mi,"2,109 per sq mi",43.5383°N 96.7320°W
,,,,,,188.977 km2,814 km-2,
150,Peoria,Arizona,"1,59,789","1,54,065",3.72%,174.404 sq mi,883 per sq mi,33.7877°N 112.3111°W
,,,,,,451.704 km2,341 km-2,
151,Lancaster,California,"1,59,055","1,56,633",1.55%,94.276 sq mi,"1,661 per sq mi",34.6936°N 118.1753°W
,,,,,,244.175 km2,641 km-2,
152,Elk Grove,California,"1,59,038","1,53,015",3.94%,42.190 sq mi,"3,627 per sq mi",38.4144°N 121.3849°W
,,,,,,109.271 km2,"1,400 km-2",
153,Corona,California,"1,58,391","1,52,374",3.95%,38.825 sq mi,"3,925 per sq mi",33.8624°N 117.5639°W
,,,,,,100.558 km2,"1,515 km-2",
154,Eugene,Oregon,"1,57,986","1,56,185",1.15%,43.723 sq mi,"3,572 per sq mi",44.0567°N 123.1162°W
,,,,,,113.241 km2,"1,379 km-2",
155,Salem,Oregon,"1,57,429","1,54,637",1.81%,47.896 sq mi,"3,229 per sq mi",44.9237°N 123.0231°W
,,,,,,124.049 km2,"1,247 km-2",
156,Palmdale,California,"1,55,650","1,52,750",1.90%,105.961 sq mi,"1,442 per sq mi",34.5913°N 118.1090°W
,,,,,,274.439 km2,557 km-2,
157,Salinas,California,"1,54,484","1,50,441",2.69%,23.179 sq mi,"6,490 per sq mi",36.6902°N 121.6337°W
,,,,,,60.033 km2,"2,506 km-2",
158,Springfield,Massachusetts,"1,53,552","1,53,060",0.32%,31.865 sq mi,"4,803 per sq mi",42.1155°N 72.5400°W
,,,,,,82.530 km2,"1,855 km-2",
159,Pasadena,Texas,"1,52,272","1,49,043",2.17%,42.762 sq mi,"3,485 per sq mi",29.6583°N 95.1505°W
,,,,,,110.754 km2,"1,346 km-2",
160,Rockford,Illinois,"1,50,843","1,52,871",?1.33%,61.081 sq mi,"2,503 per sq mi",42.2634°N 89.0628°W
,,,,,,158.200 km2,966 km-2,
161,Pomona,California,"1,50,812","1,49,058",1.18%,22.952 sq mi,"6,494 per sq mi",34.0586°N 117.7613°W
,,,,,,59.444 km2,"2,508 km-2",
162,Hayward,California,"1,49,392","1,44,186",3.61%,45.323 sq mi,"3,181 per sq mi",37.6281°N 122.1063°W
,,,,,,117.386 km2,"1,228 km-2",
163,Fort Collins,Colorado,"1,48,612","1,43,986",3.21%,54.277 sq mi,"2,653 per sq mi",40.5482°N 105.0648°W
,,,,,,140.578 km2,"1,024 km-2",
164,Joliet,Illinois,"1,48,268","1,47,433",0.57%,62.114 sq mi,"2,374 per sq mi",41.5181°N 88.1584°W
,,,,,,160.874 km2,916 km-2,
165,Escondido,California,"1,47,575","1,43,911",2.55%,36.813 sq mi,"3,909 per sq mi",33.1336°N 117.0732°W
,,,,,,95.345 km2,"1,509 km-2",
166,Kansas City,Kansas,"1,47,268","1,45,786",1.02%,124.810 sq mi,"1,168 per sq mi",39.1225°N 94.7418°W
,,,,,,323.256 km2,451 km-2,
167,Torrance,California,"1,47,027","1,45,438",1.09%,20.478 sq mi,"7,102 per sq mi",33.8350°N 118.3414°W
,,,,,,53.038 km2,"2,742 km-2",
168,Bridgeport,Connecticut,"1,46,425","1,44,229",1.52%,15.974 sq mi,"9,029 per sq mi",41.1874°N 73.1957°W
,,,,,,41.372 km2,"3,486 km-2",
169,Alexandria,Virginia,"1,46,294","1,39,966",4.52%,15.027 sq mi,"9,314 per sq mi",38.8183°N 77.0820°W
,,,,,,38.920 km2,"3,596 km-2",
170,Sunnyvale,California,"1,46,197","1,40,081",4.37%,21.987 sq mi,"6,371 per sq mi",37.3858°N 122.0263°W
,,,,,,56.947 km2,"2,460 km-2",
171,Cary,North Carolina,"1,45,693","1,35,234",7.73%,54.345 sq mi,"2,488 per sq mi",35.7821°N 78.8141°W
,,,,,,140.754 km2,961 km-2,
172,Lakewood,Colorado,"1,45,516","1,42,980",1.77%,42.880 sq mi,"3,334 per sq mi",39.6989°N 105.1176°W
,,,,,,111.060 km2,"1,287 km-2",
173,Hollywood,Florida,"1,45,236","1,40,768",3.17%,27.366 sq mi,"5,144 per sq mi",26.0311°N 80.1646°W
,,,,,,70.879 km2,"1,986 km-2",
174,Paterson,New Jersey,"1,45,219","1,46,199",?0.67%,8.428 sq mi,"17,346 per sq mi",40.9147°N 74.1628°W
,,,,,,21.829 km2,"6,697 km-2",
175,Syracuse,New York,"1,44,170","1,45,170",?0.69%,25.043 sq mi,"5,797 per sq mi",43.0410°N 76.1436°W
,,,,,,64.862 km2,"2,238 km-2",
176,Naperville,Illinois,"1,43,684","1,41,853",1.29%,38.769 sq mi,"3,659 per sq mi",41.7492°N 88.1620°W
,,,,,,100.412 km2,"1,413 km-2",
177,McKinney,Texas,"1,43,223","1,31,117",9.23%,62.209 sq mi,"2,108 per sq mi",33.2012°N 96.6680°W
,,,,,,161.120 km2,814 km-2,
178,Mesquite,Texas,"1,43,195","1,39,824",2.41%,46.021 sq mi,"3,038 per sq mi",32.7639°N 96.5924°W
,,,,,,119.194 km2,"1,173 km-2",
179,Clarksville,Tennessee,"1,42,519","1,32,929",7.21%,97.603 sq mi,"1,362 per sq mi",36.5664°N 87.3452°W
,,,,,,252.789 km2,526 km-2,
180,Savannah,Georgia,"1,42,022","1,36,286",4.21%,103.151 sq mi,"1,321 per sq mi",32.0025°N 81.1536°W
,,,,,,267.160 km2,510 km-2,
181,Dayton,Ohio,"1,41,359","1,41,527",?0.12%,55.652 sq mi,"2,543 per sq mi",39.7774°N 84.1996°W
,,,,,,144.139 km2,982 km-2,
182,Orange,California,"1,39,419","1,36,416",2.20%,24.797 sq mi,"5,501 per sq mi",33.8048°N 117.8249°W
,,,,,,64.224 km2,"2,124 km-2",
183,Fullerton,California,"1,38,574","1,35,161",2.53%,22.353 sq mi,"6,047 per sq mi",33.8857°N 117.9280°W
,,,,,,57.893 km2,"2,335 km-2",
184,Pasadena,California,"1,38,547","1,37,122",1.04%,22.970 sq mi,"5,970 per sq mi",34.1606°N 118.1396°W
,,,,,,59.493 km2,"2,305 km-2",
185,Hampton,Virginia,"1,36,836","1,37,436",?0.44%,51.413 sq mi,"2,673 per sq mi",37.0480°N 76.2971°W
,,,,,,133.160 km2,"1,032 km-2",
186,McAllen,Texas,"1,34,719","1,29,877",3.73%,48.344 sq mi,"2,687 per sq mi",26.2185°N 98.2461°W
,,,,,,125.209 km2,"1,037 km-2",
187,Killeen,Texas,"1,34,654","1,27,921",5.26%,53.580 sq mi,"2,387 per sq mi",31.0777°N 97.7320°W
,,,,,,138.773 km2,922 km-2,
188,Warren,Michigan,"1,34,141","1,34,056",0.06%,34.381 sq mi,"3,899 per sq mi",42.4929°N 83.0250°W
,,,,,,89.045 km2,"1,505 km-2",
189,West Valley City,Utah,"1,32,434","1,29,480",2.28%,35.556 sq mi,"3,642 per sq mi",40.6885°N 112.0118°W
,,,,,,92.090 km2,"1,406 km-2",
190,Columbia,South Carolina,"1,31,686","1,29,272",1.87%,132.213 sq mi,978 per sq mi,34.0298°N 80.8966°W
,,,,,,342.431 km2,378 km-2,
191,New Haven,Connecticut,"1,30,741","1,29,779",0.74%,18.679 sq mi,"6,948 per sq mi",41.3108°N 72.9250°W
,,,,,,48.377 km2,"2,683 km-2",
192,Sterling Heights,Michigan,"1,30,410","1,29,699",0.55%,36.505 sq mi,"3,553 per sq mi",42.5812°N 83.0303°W
,,,,,,94.547 km2,"1,372 km-2",
193,Olathe,Kansas,"1,30,045","1,25,872",3.32%,59.661 sq mi,"2,110 per sq mi",38.8843°N 94.8188°W
,,,,,,154.521 km2,815 km-2,
194,Miramar,Florida,"1,28,729","1,22,041",5.48%,29.521 sq mi,"4,134 per sq mi",25.9770°N 80.3358°W
,,,,,,76.458 km2,"1,596 km-2",
195,Thousand Oaks,California,"1,28,412","1,26,683",1.36%,55.031 sq mi,"2,302 per sq mi",34.1933°N 118.8742°W
,,,,,,142.530 km2,889 km-2,
196,Frisco,Texas,"1,28,176","1,16,989",9.56%,61.804 sq mi,"1,893 per sq mi",33.1510°N 96.8193°W
,,,,,,160.071 km2,731 km-2,
197,Cedar Rapids,Iowa,"1,28,119","1,26,326",1.42%,70.799 sq mi,"1,784 per sq mi",41.9670°N 91.6778°W
,,,,,,183.368 km2,689 km-2,
198,Topeka,Kansas,"1,27,939","1,27,473",0.37%,60.168 sq mi,"2,119 per sq mi",39.0362°N 95.6948°W
,,,,,,155.833 km2,818 km-2,
199,Visalia,California,"1,27,081","1,24,442",2.12%,36.246 sq mi,"3,433 per sq mi",36.3272°N 119.3234°W
,,,,,,93.876 km2,"1,326 km-2",
200,Waco,Texas,"1,27,018","1,24,805",1.77%,88.964 sq mi,"1,403 per sq mi",31.5601°N 97.1860°W
,,,,,,230.416 km2,542 km-2,
201,Elizabeth,New Jersey,"1,26,458","1,24,969",1.19%,12.319 sq mi,"10,144 per sq mi",40.6663°N 74.1935°W
,,,,,,31.907 km2,"3,917 km-2",
202,Bellevue,Washington,"1,26,439","1,22,363",3.33%,31.968 sq mi,"3,828 per sq mi",47.5978°N 122.1565°W
,,,,,,82.796 km2,"1,478 km-2",
203,Gainesville,Florida,"1,26,047","1,24,354",1.36%,61.305 sq mi,"2,028 per sq mi",29.6788°N 82.3459°W
,,,,,,158.779 km2,783 km-2,
204,Simi Valley,California,"1,25,793","1,24,237",1.25%,41.480 sq mi,"2,995 per sq mi",34.2669°N 118.7485°W
,,,,,,107.433 km2,"1,156 km-2",
205,Charleston,South Carolina,"1,25,583","1,20,083",4.58%,108.979 sq mi,"1,102 per sq mi",32.8179°N 79.9589°W
,,,,,,282.253 km2,425 km-2,
206,Carrollton,Texas,"1,25,409","1,19,097",5.30%,36.296 sq mi,"3,281 per sq mi",32.9884°N 96.8998°W
,,,,,,94.007 km2,"1,267 km-2",
207,Coral Springs,Florida,"1,25,287","1,21,096",3.46%,23.792 sq mi,"5,090 per sq mi",26.2708°N 80.2593°W
,,,,,,61.620 km2,"1,965 km-2",
208,Stamford,Connecticut,"1,25,109","1,22,643",2.01%,37.639 sq mi,"3,258 per sq mi",41.0799°N 73.5460°W
,,,,,,97.483 km2,"1,258 km-2",
209,Hartford,Connecticut,"1,24,893","1,24,775",0.09%,17.381 sq mi,"7,179 per sq mi",41.7660°N 72.6833°W
,,,,,,45.016 km2,"2,772 km-2",
210,Concord,California,"1,24,711","1,22,067",2.17%,30.546 sq mi,"3,996 per sq mi",37.9722°N 122.0016°W
,,,,,,79.114 km2,"1,543 km-2",
211,Roseville,California,"1,24,519","1,18,788",4.82%,36.222 sq mi,"3,279 per sq mi",38.7657°N 121.3032°W
,,,,,,93.814 km2,"1,266 km-2",
212,Thornton,Colorado,"1,24,140","1,18,772",4.52%,34.843 sq mi,"3,409 per sq mi",39.9180°N 104.9454°W
,,,,,,90.243 km2,"1,316 km-2",
213,Kent,Washington,"1,22,999","92,411",33.10%,28.625 sq mi,"3,228 per sq mi",47.3853°N 122.2169°W
,,,,,,74.139 km2,"1,246 km-2",
214,Lafayette,Louisiana,"1,22,761","1,20,623",1.77%,49.231 sq mi,"2,450 per sq mi",30.2116°N 92.0314°W
,,,,,,127.509 km2,946 km-2,
215,Surprise,Arizona,"1,21,287","1,17,517",3.21%,105.747 sq mi,"1,111 per sq mi",33.6706°N 112.4527°W
,,,,,,273.884 km2,429 km-2,
216,Denton,Texas,"1,21,123","1,13,383",6.83%,87.952 sq mi,"1,289 per sq mi",33.2151°N 97.1417°W
,,,,,,227.794 km2,498 km-2,
217,Victorville,California,"1,20,336","1,15,903",3.82%,73.178 sq mi,"1,584 per sq mi",34.5277°N 117.3536°W
,,,,,,189.529 km2,612 km-2,
218,Evansville,Indiana,"1,20,235","1,17,429",2.39%,44.153 sq mi,"2,660 per sq mi",37.9877°N 87.5347°W
,,,,,,114.357 km2,"1,027 km-2",
219,Midland,Texas,"1,19,385","1,11,147",7.41%,72.071 sq mi,"1,542 per sq mi",32.0299°N 102.1097°W
,,,,,,186.663 km2,595 km-2,
220,Santa Clara,California,"1,19,311","1,16,468",2.44%,18.407 sq mi,"6,327 per sq mi",37.3646°N 121.9679°W
,,,,,,47.675 km2,"2,443 km-2",
221,Athens,Georgia,"1,18,999","1,15,452",3.07%,116.355 sq mi,992 per sq mi,33.9496°N 83.3701°W
,,,,,,301.358 km2,383 km-2,
222,Allentown,Pennsylvania,"1,18,974","1,18,032",0.80%,17.546 sq mi,"6,727 per sq mi",40.5940°N 75.4782°W
,,,,,,45.443 km2,"2,597 km-2",
223,Abilene,Texas,"1,18,887","1,17,063",1.56%,106.793 sq mi,"1,096 per sq mi",32.4545°N 99.7381°W
,,,,,,276.592 km2,423 km-2,
224,Beaumont,Texas,"1,18,228","1,18,296",?0.06%,82.801 sq mi,"1,429 per sq mi",30.0843°N 94.1458°W
,,,,,,214.452 km2,552 km-2,
225,Vallejo,California,"1,17,796","1,15,942",1.60%,30.671 sq mi,"3,780 per sq mi",38.1079°N 122.2639°W
,,,,,,79.439 km2,"1,460 km-2",
226,Independence,Missouri,"1,17,270","1,16,830",0.38%,77.567 sq mi,"1,506 per sq mi",39.0853°N 94.3513°W
,,,,,,200.897 km2,582 km-2,
227,Springfield,Illinois,"1,17,126","1,16,250",0.75%,59.480 sq mi,"1,954 per sq mi",39.7639°N 89.6708°W
,,,,,,154.051 km2,755 km-2,
228,Ann Arbor,Michigan,"1,16,121","1,13,934",1.92%,27.830 sq mi,"4,094 per sq mi",42.2756°N 83.7313°W
,,,,,,72.079 km2,"1,581 km-2",
229,Provo,Utah,"1,15,919","1,12,488",3.05%,41.673 sq mi,"2,699 per sq mi",40.2453°N 111.6448°W
,,,,,,107.931 km2,"1,042 km-2",
230,Peoria,Illinois,"1,15,687","1,15,007",0.59%,48.007 sq mi,"2,396 per sq mi",40.7523°N 89.6171°W
,,,,,,124.338 km2,925 km-2,
231,Norman,Oklahoma,"1,15,562","1,10,925",4.18%,178.763 sq mi,621 per sq mi,35.2406°N 97.3453°W
,,,,,,462.995 km2,240 km-2,
232,Berkeley,California,"1,15,403","1,12,580",2.51%,10.470 sq mi,"10,752 per sq mi",37.8667°N 122.2991°W
,,,,,,27.118 km2,"4,152 km-2",
233,El Monte,California,"1,15,111","1,13,475",1.44%,9.562 sq mi,"11,867 per sq mi",34.0746°N 118.0291°W
,,,,,,24.766 km2,"4,582 km-2",
234,Murfreesboro,Tennessee,"1,14,038","1,08,755",4.86%,55.346 sq mi,"1,965 per sq mi",35.8522°N 86.4161°W
,,,,,,143.347 km2,759 km-2,
235,Lansing,Michigan,"1,13,996","1,14,297",?0.26%,36.049 sq mi,"3,171 per sq mi",42.7098°N 84.5562°W
,,,,,,93.366 km2,"1,224 km-2",
236,Columbia,Missouri,"1,13,225","1,08,500",4.35%,63.077 sq mi,"1,720 per sq mi",38.9479°N 92.3261°W
,,,,,,163.367 km2,664 km-2,
237,Downey,California,"1,12,873","1,11,772",0.99%,12.408 sq mi,"9,008 per sq mi",33.9382°N 118.1309°W
,,,,,,32.137 km2,"3,478 km-2",
238,Costa Mesa,California,"1,11,918","1,09,960",1.78%,15.654 sq mi,"7,025 per sq mi",33.6659°N 117.9123°W
,,,,,,40.543 km2,"2,712 km-2",
239,Inglewood,California,"1,11,182","1,09,673",1.38%,9.068 sq mi,"12,095 per sq mi",33.9561°N 118.3443°W
,,,,,,23.486 km2,"4,670 km-2",
240,Miami Gardens,Florida,"1,10,754","1,07,167",3.35%,18.231 sq mi,"5,878 per sq mi",25.9489°N 80.2436°W
,,,,,,47.217 km2,"2,270 km-2",
241,,New Hampshire,"1,10,209","1,09,565",0.59%,33.101 sq mi,"3,310 per sq mi",42.9847°N 71.4439°W
,,,,,,85.730 km2,"1,278 km-2",
242,Elgin,Illinois,"1,09,927","1,08,188",1.61%,37.163 sq mi,"2,911 per sq mi",42.0396°N 88.3217°W
,,,,,,96.253 km2,"1,124 km-2",
243,Wilmington,North Carolina,"1,09,922","1,06,476",3.24%,51.493 sq mi,"2,068 per sq mi",34.2092°N 77.8858°W
,,,,,,133.366 km2,798 km-2,
244,Waterbury,Connecticut,"1,09,915","1,10,366",?0.41%,28.519 sq mi,"3,870 per sq mi",41.5585°N 73.0367°W
,,,,,,73.864 km2,"1,494 km-2",
245,Fargo,North Dakota,"1,09,779","1,05,549",4.01%,48.821 sq mi,"2,162 per sq mi",46.8652°N 96.8290°W
,,,,,,126.446 km2,835 km-2,
246,Arvada,Colorado,"1,09,745","1,06,433",3.11%,35.142 sq mi,"3,029 per sq mi",39.8097°N 105.1066°W
,,,,,,91.018 km2,"1,169 km-2",
247,Carlsbad,California,"1,09,318","1,05,328",3.79%,37.722 sq mi,"2,792 per sq mi",33.1239°N 117.2828°W
,,,,,,97.699 km2,"1,078 km-2",
248,Westminster,Colorado,"1,09,169","1,06,114",2.88%,31.550 sq mi,"3,363 per sq mi",39.8822°N 105.0644°W
,,,,,,81.715 km2,"1,299 km-2",
249,Rochester,Minnesota,"1,08,992","1,06,769",2.08%,54.586 sq mi,"1,956 per sq mi",44.0154°N 92.4772°W
,,,,,,141.377 km2,755 km-2,
250,Gresham,Oregon,"1,08,956","1,05,594",3.18%,23.201 sq mi,"4,551 per sq mi",45.5023°N 122.4416°W
,,,,,,60.090 km2,"1,757 km-2",
251,Clearwater,Florida,"1,08,732","1,07,685",0.97%,25.562 sq mi,"4,213 per sq mi",27.9795°N 82.7663°W
,,,,,,66.204 km2,"1,627 km-2",
252,Lowell,Massachusetts,"1,08,522","1,06,519",1.88%,13.583 sq mi,"7,842 per sq mi",42.6389°N 71.3221°W
,,,,,,35.180 km2,"3,028 km-2",
253,West Jordan,Utah,"1,08,383","1,03,712",4.50%,32.457 sq mi,"3,195 per sq mi",40.6023°N 112.0010°W
,,,,,,84.063 km2,"1,234 km-2",
254,Pueblo,Colorado,"1,07,772","1,06,595",1.10%,53.641 sq mi,"1,987 per sq mi",38.2731°N 104.6124°W
,,,,,,138.930 km2,767 km-2,
255,San Buenaventura (Ventura),California,"1,07,734","1,06,433",1.22%,21.655 sq mi,"4,915 per sq mi",34.2681°N 119.2550°W
,,,,,,56.085 km2,"1,898 km-2",
256,Fairfield,California,"1,07,684","1,05,321",2.24%,37.390 sq mi,"2,817 per sq mi",38.2568°N 122.0397°W
,,,,,,96.839 km2,"1,088 km-2",
257,West Covina,California,"1,07,440","1,06,098",1.26%,16.041 sq mi,"6,614 per sq mi",34.0559°N 117.9099°W
,,,,,,41.545 km2,"2,554 km-2",
258,Billings,Montana,"1,06,954","1,04,170",2.67%,43.413 sq mi,"2,399 per sq mi",45.7895°N 108.5499°W
,,,,,,112.440 km2,926 km-2,
259,Murrieta,California,"1,06,810","1,03,466",3.23%,33.577 sq mi,"3,081 per sq mi",33.5719°N 117.1907°W
,,,,,,86.964 km2,"1,190 km-2",
260,High Point,North Carolina,"1,06,586","1,04,371",2.12%,53.803 sq mi,"1,940 per sq mi",35.9855°N 79.9902°W
,,,,,,139.348 km2,749 km-2,
261,Round Rock,Texas,"1,06,573","99,887",6.69%,34.113 sq mi,"2,928 per sq mi",30.5237°N 97.6674°W
,,,,,,88.352 km2,"1,131 km-2",
262,Richmond,California,"1,06,516","1,03,701",2.71%,30.068 sq mi,"3,449 per sq mi",37.9530°N 122.3594°W
,,,,,,77.875 km2,"1,332 km-2",
263,Cambridge,Massachusetts,"1,06,471","1,05,162",1.24%,6.385 sq mi,"16,469 per sq mi",42.3760°N 71.1183°W
,,,,,,16.538 km2,"6,359 km-2",
264,Norwalk,California,"1,06,278","1,05,549",0.69%,9.707 sq mi,"10,873 per sq mi",33.9069°N 118.0834°W
,,,,,,25.141 km2,"4,198 km-2",
265,Odessa,Texas,"1,06,102","99,940",6.17%,41.955 sq mi,"2,382 per sq mi",31.8804°N 102.3434°W
,,,,,,108.662 km2,920 km-2,
266,Antioch,California,"1,05,508","1,02,372",3.06%,28.349 sq mi,"3,611 per sq mi",37.9775°N 121.7976°W
,,,,,,73.422 km2,"1,394 km-2",
267,Temecula,California,"1,05,208","1,00,097",5.11%,30.151 sq mi,"3,320 per sq mi",33.5019°N 117.1246°W
,,,,,,78.092 km2,"1,282 km-2",
268,Green Bay,Wisconsin,"1,04,868","1,04,057",0.78%,45.467 sq mi,"2,289 per sq mi",44.5207°N 87.9842°W
,,,,,,117.758 km2,884 km-2,
269,Everett,Washington,"1,04,655","1,03,019",1.59%,33.447 sq mi,"3,080 per sq mi",48.0033°N 122.1742°W
,,,,,,86.628 km2,"1,189 km-2",
270,Wichita Falls,Texas,"1,04,552","1,04,553",0.00%,72.140 sq mi,"1,449 per sq mi",33.9067°N 98.5259°W
,,,,,,186.841 km2,560 km-2,
271,Burbank,California,"1,04,391","1,03,340",1.02%,17.341 sq mi,"5,959 per sq mi",34.1890°N 118.3249°W
,,,,,,44.913 km2,"2,301 km-2",
272,Palm Bay,Florida,"1,04,124","1,03,190",0.91%,65.702 sq mi,"1,571 per sq mi",27.9856°N 80.6626°W
,,,,,,170.168 km2,606 km-2,
273,Centennial,Colorado,"1,03,743","1,00,377",3.35%,28.722 sq mi,"3,495 per sq mi",39.5906°N 104.8691°W
,,,,,,74.390 km2,"1,349 km-2",
274,Daly City,California,"1,03,690","1,01,123",2.54%,7.664 sq mi,"13,195 per sq mi",37.7009°N 122.4650°W
,,,,,,19.849 km2,"5,095 km-2",
275,Richardson,Texas,"1,03,297","99,223",4.11%,28.564 sq mi,"3,474 per sq mi",32.9723°N 96.7081°W
,,,,,,73.980 km2,"1,341 km-2",
276,Pompano Beach,Florida,"1,02,984","99,845",3.14%,24.002 sq mi,"4,160 per sq mi",26.2426°N 80.1290°W
,,,,,,62.165 km2,"1,606 km-2",
277,Broken Arrow,Oklahoma,"1,02,019","98,850",3.21%,61.571 sq mi,"1,605 per sq mi",36.0365°N 95.7810°W
,,,,,,159.469 km2,620 km-2,
278,North Charleston,South Carolina,"1,01,989","97,471",4.64%,,,32.8853°N 80.0169°W
279,West Palm Beach,Florida,"1,01,903","99,919",1.99%,55.293 sq mi,"1,807 per sq mi",26.7483°N 80.1266°W
,,,,,,143.208 km2,698 km-2,
280,Boulder,Colorado,"1,01,808","97,385",4.54%,,,40.0175°N 105.2797°W
281,Rialto,California,"1,01,740","99,171",2.59%,22.351 sq mi,"4,437 per sq mi",34.1118°N 117.3883°W
,,,,,,57.889 km2,"1,713 km-2",
282,Santa Maria,California,"1,01,459","99,553",1.91%,22.756 sq mi,"4,375 per sq mi",34.9332°N 120.4438°W
,,,,,,58.937 km2,"1,689 km-2",
283,El Cajon,California,"1,01,435","99,478",1.97%,14.433 sq mi,"6,892 per sq mi",32.8017°N 116.9605°W
,,,,,,37.381 km2,"2,661 km-2",
284,Davenport,Iowa,"1,01,363","99,685",1.68%,62.948 sq mi,"1,584 per sq mi",41.5541°N 90.6040°W
,,,,,,163.033 km2,611 km-2,
285-(T),Erie,Pennsylvania,"1,01,047","1,01,786",?0.73%,19.081 sq mi,"5,334 per sq mi",42.1166°N 80.0735°W
,,,,,,49.419 km2,"2,060 km-2",
285-(T),Las Cruces,New Mexico,"1,01,047","97,618",3.51%,76.29 sq mi,"1,279 per sq mi",32.3197°N 106.7653°W
,,,,,,197.59 km2,494 km-2,
287,South Bend,Indiana,"1,00,800","1,01,168",?0.36%,41.458 sq mi,"2,440 per sq mi",41.6769°N 86.2690°W
,,,,,,107.375 km2,942 km-2,
288,Flint,Michigan,"1,00,515","1,02,434",?1.87%,33.416 sq mi,"3,065 per sq mi",43.0244°N 83.6920°W
,,,,,,86.547 km2,"1,184 km-2",
289,Kenosha,Wisconsin,"1,00,150","99,218",0.94%,,,42.5822°N 87.8456°W
,,,,,,,,
For other more formats kindly visit www.downloadexcelfiles.com,,,,,,,,
,,,,,,,,
Original source : en.wikipedia.org/wiki/List_of_United_States_cities_by_population,,,,,,,,
